<?xml version='1.0' encoding='ISO-8859-1' ?>
<File Type='Page' Version='5.1.0'>
<Control Type='Page' Name='[ATC]' Transition='65535' TransitionDuration='-1'>
<Position Units='Pixels' X='0' Y='0' />
<Size Units='Pixels' Width='1024' Height='748' />
<VisualStyles>
<VisualStyle>
<Background>
<Color  R='0' G='0' B='0' A='1' />
</Background>
</VisualStyle>
</VisualStyles>
<Bindings>
<Binding Id='54' Property='PageFlip'/>
</Bindings>
<Commands>
<Command Action='PageJoin' Id='54' Type='Digital' />
</Commands>
<Control Type='Button' Name='Button'>
<Position Units='Pixels' X='324' Y='142' />
<Size Units='Pixels' Width='358' Height='75' />
<VisualStyles>
<VisualStyle State='0' Mode='0'>
<Face Type='2D'>
<Color  R='1' G='1' B='1' A='1' />
</Face>
<Image Id='4' Alpha='1' />
<Text FontId='2' Alignment='CenterCenter' Wrap='False'>
<Bindings>
<Binding Id='5' Type='Serial' Property='Text'/>
</Bindings>
<Color  R='0' G='0' B='0' A='1' />
</Text>
</VisualStyle>
<VisualStyle State='1' Mode='0'>
<Face Type='2D'>
<Color  R='0.752941' G='0.752941' B='0.752941' A='1' />
</Face>
<Text FontId='2' Alignment='CenterCenter' Wrap='False'>
<Bindings>
<Binding Id='5' Type='Serial' Property='Text'/>
</Bindings>
<Color  R='0' G='0' B='0' A='1' />
</Text>
</VisualStyle>
</VisualStyles>
</Control>
<Control Type='Button' Name='Button'>
<Position Units='Pixels' X='834' Y='155' />
<Size Units='Pixels' Width='159' Height='59' />
<VisualStyles>
<VisualStyle State='0' Mode='0'>
<Face Type='2D'>
<Color  R='0' G='0.25098' B='0.501961' A='0' />
</Face>
<Image Id='5' Alpha='1' />
<Text Id='2' FontId='3' Alignment='CenterCenter' Wrap='False'>
<Color  R='1' G='1' B='1' A='1' />
</Text>
</VisualStyle>
<VisualStyle State='1' Mode='0'>
<Face Type='2D'>
<Color  R='0.752941' G='0.752941' B='0.752941' A='1' />
</Face>
<Text Id='2' FontId='3' Alignment='CenterCenter' Wrap='False'>
<Color  R='0' G='0' B='0' A='1' />
</Text>
</VisualStyle>
</VisualStyles>
</Control>
<Control Type='Button' Name='Button'>
<Position Units='Pixels' X='80' Y='243' />
<Size Units='Pixels' Width='160' Height='54' />
<VisualStyles>
<VisualStyle State='0' Mode='0'>
<Face Type='2D'>
<Color  R='0' G='1' B='0' A='0' />
</Face>
<Image Id='6' Alpha='1' />
<Text Id='3' FontId='1' Alignment='CenterCenter' Wrap='False'>
<Color  R='0' G='0' B='0' A='1' />
</Text>
</VisualStyle>
<VisualStyle State='1' Mode='0'>
<Face Type='2D'>
<Color  R='0' G='0' B='0' A='1' />
</Face>
<Image Id='7' Alpha='1' />
<Text Id='3' FontId='1' Alignment='CenterCenter' Wrap='False'>
<Color  R='1' G='1' B='1' A='1' />
</Text>
</VisualStyle>
</VisualStyles>
<Bindings>
<Binding Id='272' Type='Digital' Property='State'/>
</Bindings>
<Commands>
<Command Action='TouchDown' Id='272' Type='Digital' Value='True' />
<Command Action='TouchUp' Id='272' Type='Digital' Value='False' />
</Commands>
</Control>
<Control Type='Button' Name='Button'>
<Position Units='Pixels' X='451' Y='241' />
<Size Units='Pixels' Width='103' Height='55' />
<VisualStyles>
<VisualStyle State='0' Mode='0'>
<Face Type='2D'>
<Color  R='0' G='0' B='0' A='1' />
</Face>
<Image Id='8' Alpha='1' />
<Text Id='4' FontId='1' Alignment='CenterCenter' Wrap='False'>
<Color  R='1' G='1' B='1' A='1' />
</Text>
</VisualStyle>
<VisualStyle State='1' Mode='0'>
<Face Type='2D'>
<Color  R='0' G='0' B='0' A='1' />
</Face>
<Image Id='9' Alpha='1' />
<Text Id='4' FontId='1' Alignment='CenterCenter' Wrap='False'>
<Color  R='1' G='1' B='1' A='1' />
</Text>
</VisualStyle>
</VisualStyles>
<Bindings>
<Binding Id='252' Type='Digital' Property='State'/>
</Bindings>
<Commands>
<Command Action='TouchDown' Id='252' Type='Digital' Value='True' />
<Command Action='TouchUp' Id='252' Type='Digital' Value='False' />
</Commands>
</Control>
<Control Type='Button' Name='Button'>
<Position Units='Pixels' X='311' Y='241' />
<Size Units='Pixels' Width='102' Height='55' />
<VisualStyles>
<VisualStyle State='0' Mode='0'>
<Face Type='2D'>
<Color  R='0' G='0' B='0' A='1' />
</Face>
<Image Id='8' Alpha='1' />
<Text Id='5' FontId='1' Alignment='CenterCenter' Wrap='False'>
<Color  R='1' G='1' B='1' A='1' />
</Text>
</VisualStyle>
<VisualStyle State='1' Mode='0'>
<Face Type='2D'>
<Color  R='0' G='0' B='0' A='1' />
</Face>
<Image Id='9' Alpha='1' />
<Text Id='5' FontId='1' Alignment='CenterCenter' Wrap='False'>
<Color  R='1' G='1' B='1' A='1' />
</Text>
</VisualStyle>
</VisualStyles>
<Bindings>
<Binding Id='251' Type='Digital' Property='State'/>
</Bindings>
<Commands>
<Command Action='TouchDown' Id='251' Type='Digital' Value='True' />
<Command Action='TouchUp' Id='251' Type='Digital' Value='False' />
</Commands>
</Control>
<Control Type='Button' Name='Button'>
<Position Units='Pixels' X='589' Y='241' />
<Size Units='Pixels' Width='103' Height='55' />
<VisualStyles>
<VisualStyle State='0' Mode='0'>
<Face Type='2D'>
<Color  R='0' G='0' B='0' A='1' />
</Face>
<Image Id='8' Alpha='1' />
<Text Id='6' FontId='1' Alignment='CenterCenter' Wrap='False'>
<Color  R='1' G='1' B='1' A='1' />
</Text>
</VisualStyle>
<VisualStyle State='1' Mode='0'>
<Face Type='2D'>
<Color  R='0' G='0' B='0' A='1' />
</Face>
<Image Id='9' Alpha='1' />
<Text Id='6' FontId='1' Alignment='CenterCenter' Wrap='False'>
<Color  R='1' G='1' B='1' A='1' />
</Text>
</VisualStyle>
</VisualStyles>
<Bindings>
<Binding Id='253' Type='Digital' Property='State'/>
</Bindings>
<Commands>
<Command Action='TouchDown' Id='253' Type='Digital' Value='True' />
<Command Action='TouchUp' Id='253' Type='Digital' Value='False' />
</Commands>
</Control>
<Control Type='Button' Name='Button'>
<Position Units='Pixels' X='311' Y='328' />
<Size Units='Pixels' Width='103' Height='55' />
<VisualStyles>
<VisualStyle State='0' Mode='0'>
<Face Type='2D'>
<Color  R='0' G='0' B='0' A='1' />
</Face>
<Image Id='8' Alpha='1' />
<Text Id='7' FontId='1' Alignment='CenterCenter' Wrap='False'>
<Color  R='1' G='1' B='1' A='1' />
</Text>
</VisualStyle>
<VisualStyle State='1' Mode='0'>
<Face Type='2D'>
<Color  R='0' G='0' B='0' A='1' />
</Face>
<Image Id='9' Alpha='1' />
<Text Id='7' FontId='1' Alignment='CenterCenter' Wrap='False'>
<Color  R='1' G='1' B='1' A='1' />
</Text>
</VisualStyle>
</VisualStyles>
<Bindings>
<Binding Id='254' Type='Digital' Property='State'/>
</Bindings>
<Commands>
<Command Action='TouchDown' Id='254' Type='Digital' Value='True' />
<Command Action='TouchUp' Id='254' Type='Digital' Value='False' />
</Commands>
</Control>
<Control Type='Button' Name='Button'>
<Position Units='Pixels' X='451' Y='328' />
<Size Units='Pixels' Width='103' Height='55' />
<VisualStyles>
<VisualStyle State='0' Mode='0'>
<Face Type='2D'>
<Color  R='0' G='0' B='0' A='1' />
</Face>
<Image Id='8' Alpha='1' />
<Text Id='8' FontId='1' Alignment='CenterCenter' Wrap='False'>
<Color  R='1' G='1' B='1' A='1' />
</Text>
</VisualStyle>
<VisualStyle State='1' Mode='0'>
<Face Type='2D'>
<Color  R='0' G='0' B='0' A='1' />
</Face>
<Image Id='9' Alpha='1' />
<Text Id='8' FontId='1' Alignment='CenterCenter' Wrap='False'>
<Color  R='1' G='1' B='1' A='1' />
</Text>
</VisualStyle>
</VisualStyles>
<Bindings>
<Binding Id='255' Type='Digital' Property='State'/>
</Bindings>
<Commands>
<Command Action='TouchDown' Id='255' Type='Digital' Value='True' />
<Command Action='TouchUp' Id='255' Type='Digital' Value='False' />
</Commands>
</Control>
<Control Type='Button' Name='Button'>
<Position Units='Pixels' X='589' Y='328' />
<Size Units='Pixels' Width='103' Height='55' />
<VisualStyles>
<VisualStyle State='0' Mode='0'>
<Face Type='2D'>
<Color  R='0' G='0' B='0' A='1' />
</Face>
<Image Id='8' Alpha='1' />
<Text Id='9' FontId='1' Alignment='CenterCenter' Wrap='False'>
<Color  R='1' G='1' B='1' A='1' />
</Text>
</VisualStyle>
<VisualStyle State='1' Mode='0'>
<Face Type='2D'>
<Color  R='0' G='0' B='0' A='1' />
</Face>
<Image Id='9' Alpha='1' />
<Text Id='9' FontId='1' Alignment='CenterCenter' Wrap='False'>
<Color  R='1' G='1' B='1' A='1' />
</Text>
</VisualStyle>
</VisualStyles>
<Bindings>
<Binding Id='256' Type='Digital' Property='State'/>
</Bindings>
<Commands>
<Command Action='TouchDown' Id='256' Type='Digital' Value='True' />
<Command Action='TouchUp' Id='256' Type='Digital' Value='False' />
</Commands>
</Control>
<Control Type='Button' Name='Button'>
<Position Units='Pixels' X='311' Y='416' />
<Size Units='Pixels' Width='103' Height='55' />
<VisualStyles>
<VisualStyle State='0' Mode='0'>
<Face Type='2D'>
<Color  R='0' G='0' B='0' A='1' />
</Face>
<Image Id='8' Alpha='1' />
<Text Id='10' FontId='1' Alignment='CenterCenter' Wrap='False'>
<Color  R='1' G='1' B='1' A='1' />
</Text>
</VisualStyle>
<VisualStyle State='1' Mode='0'>
<Face Type='2D'>
<Color  R='0' G='0' B='0' A='1' />
</Face>
<Image Id='9' Alpha='1' />
<Text Id='10' FontId='1' Alignment='CenterCenter' Wrap='False'>
<Color  R='1' G='1' B='1' A='1' />
</Text>
</VisualStyle>
</VisualStyles>
<Bindings>
<Binding Id='257' Type='Digital' Property='State'/>
</Bindings>
<Commands>
<Command Action='TouchDown' Id='257' Type='Digital' Value='True' />
<Command Action='TouchUp' Id='257' Type='Digital' Value='False' />
</Commands>
</Control>
<Control Type='Button' Name='Button'>
<Position Units='Pixels' X='451' Y='416' />
<Size Units='Pixels' Width='103' Height='55' />
<VisualStyles>
<VisualStyle State='0' Mode='0'>
<Face Type='2D'>
<Color  R='0' G='0' B='0' A='1' />
</Face>
<Image Id='8' Alpha='1' />
<Text Id='11' FontId='1' Alignment='CenterCenter' Wrap='False'>
<Color  R='1' G='1' B='1' A='1' />
</Text>
</VisualStyle>
<VisualStyle State='1' Mode='0'>
<Face Type='2D'>
<Color  R='0' G='0' B='0' A='1' />
</Face>
<Image Id='9' Alpha='1' />
<Text Id='11' FontId='1' Alignment='CenterCenter' Wrap='False'>
<Color  R='1' G='1' B='1' A='1' />
</Text>
</VisualStyle>
</VisualStyles>
<Bindings>
<Binding Id='258' Type='Digital' Property='State'/>
</Bindings>
<Commands>
<Command Action='TouchDown' Id='258' Type='Digital' Value='True' />
<Command Action='TouchUp' Id='258' Type='Digital' Value='False' />
</Commands>
</Control>
<Control Type='Button' Name='Button'>
<Position Units='Pixels' X='589' Y='416' />
<Size Units='Pixels' Width='103' Height='55' />
<VisualStyles>
<VisualStyle State='0' Mode='0'>
<Face Type='2D'>
<Color  R='0' G='0' B='0' A='1' />
</Face>
<Image Id='8' Alpha='1' />
<Text Id='12' FontId='1' Alignment='CenterCenter' Wrap='False'>
<Color  R='1' G='1' B='1' A='1' />
</Text>
</VisualStyle>
<VisualStyle State='1' Mode='0'>
<Face Type='2D'>
<Color  R='0' G='0' B='0' A='1' />
</Face>
<Image Id='9' Alpha='1' />
<Text Id='12' FontId='1' Alignment='CenterCenter' Wrap='False'>
<Color  R='1' G='1' B='1' A='1' />
</Text>
</VisualStyle>
</VisualStyles>
<Bindings>
<Binding Id='259' Type='Digital' Property='State'/>
</Bindings>
<Commands>
<Command Action='TouchDown' Id='259' Type='Digital' Value='True' />
<Command Action='TouchUp' Id='259' Type='Digital' Value='False' />
</Commands>
</Control>
<Control Type='Button' Name='Button'>
<Position Units='Pixels' X='311' Y='503' />
<Size Units='Pixels' Width='103' Height='55' />
<VisualStyles>
<VisualStyle State='0' Mode='0'>
<Face Type='2D'>
<Color  R='0' G='0' B='0' A='1' />
</Face>
<Image Id='8' Alpha='1' />
<Text Id='13' FontId='1' Alignment='CenterCenter' Wrap='False'>
<Color  R='1' G='1' B='1' A='1' />
</Text>
</VisualStyle>
<VisualStyle State='1' Mode='0'>
<Face Type='2D'>
<Color  R='0' G='0' B='0' A='1' />
</Face>
<Image Id='9' Alpha='1' />
<Text Id='13' FontId='1' Alignment='CenterCenter' Wrap='False'>
<Color  R='1' G='1' B='1' A='1' />
</Text>
</VisualStyle>
</VisualStyles>
<Bindings>
<Binding Id='260' Type='Digital' Property='State'/>
</Bindings>
<Commands>
<Command Action='TouchDown' Id='260' Type='Digital' Value='True' />
<Command Action='TouchUp' Id='260' Type='Digital' Value='False' />
</Commands>
</Control>
<Control Type='Button' Name='Button'>
<Position Units='Pixels' X='451' Y='503' />
<Size Units='Pixels' Width='103' Height='55' />
<VisualStyles>
<VisualStyle State='0' Mode='0'>
<Face Type='2D'>
<Color  R='0' G='0' B='0' A='1' />
</Face>
<Image Id='8' Alpha='1' />
<Text Id='14' FontId='1' Alignment='CenterCenter' Wrap='False'>
<Color  R='1' G='1' B='1' A='1' />
</Text>
</VisualStyle>
<VisualStyle State='1' Mode='0'>
<Face Type='2D'>
<Color  R='0' G='0' B='0' A='1' />
</Face>
<Image Id='9' Alpha='1' />
<Text Id='14' FontId='1' Alignment='CenterCenter' Wrap='False'>
<Color  R='1' G='1' B='1' A='1' />
</Text>
</VisualStyle>
</VisualStyles>
<Bindings>
<Binding Id='250' Type='Digital' Property='State'/>
</Bindings>
<Commands>
<Command Action='TouchDown' Id='250' Type='Digital' Value='True' />
<Command Action='TouchUp' Id='250' Type='Digital' Value='False' />
</Commands>
</Control>
<Control Type='Button' Name='Button'>
<Position Units='Pixels' X='589' Y='503' />
<Size Units='Pixels' Width='103' Height='55' />
<VisualStyles>
<VisualStyle State='0' Mode='0'>
<Face Type='2D'>
<Color  R='0' G='0' B='0' A='1' />
</Face>
<Image Id='8' Alpha='1' />
<Text Id='15' FontId='1' Alignment='CenterCenter' Wrap='False'>
<Color  R='1' G='1' B='1' A='1' />
</Text>
</VisualStyle>
<VisualStyle State='1' Mode='0'>
<Face Type='2D'>
<Color  R='0' G='0' B='0' A='1' />
</Face>
<Image Id='9' Alpha='1' />
<Text Id='15' FontId='1' Alignment='CenterCenter' Wrap='False'>
<Color  R='1' G='1' B='1' A='1' />
</Text>
</VisualStyle>
</VisualStyles>
<Bindings>
<Binding Id='261' Type='Digital' Property='State'/>
</Bindings>
<Commands>
<Command Action='TouchDown' Id='261' Type='Digital' Value='True' />
<Command Action='TouchUp' Id='261' Type='Digital' Value='False' />
</Commands>
</Control>
<Control Type='Button' Name='Button'>
<Position Units='Pixels' X='320' Y='591' />
<Size Units='Pixels' Width='157' Height='54' />
<VisualStyles>
<VisualStyle State='0' Mode='0'>
<Face Type='2D'>
<Color  R='0' G='0' B='0' A='1' />
</Face>
<Image Id='10' Alpha='1' />
<Text Id='16' FontId='1' Alignment='CenterCenter' Wrap='False'>
<Color  R='1' G='1' B='1' A='1' />
</Text>
</VisualStyle>
<VisualStyle State='1' Mode='0'>
<Face Type='2D'>
<Color  R='0' G='0' B='0' A='1' />
</Face>
<Image Id='11' Alpha='1' />
<Text Id='16' FontId='1' Alignment='CenterCenter' Wrap='False'>
<Color  R='1' G='1' B='1' A='1' />
</Text>
</VisualStyle>
</VisualStyles>
<Bindings>
<Binding Id='263' Type='Digital' Property='State'/>
</Bindings>
<Commands>
<Command Action='TouchDown' Id='263' Type='Digital' Value='True' />
<Command Action='TouchUp' Id='263' Type='Digital' Value='False' />
</Commands>
</Control>
<Control Type='Button' Name='Button'>
<Position Units='Pixels' X='80' Y='330' />
<Size Units='Pixels' Width='160' Height='54' />
<VisualStyles>
<VisualStyle State='0' Mode='0'>
<Face Type='2D'>
<Color  R='1' G='0' B='0' A='0' />
</Face>
<Image Id='12' Alpha='1' />
<Text Id='17' FontId='1' Alignment='CenterCenter' Wrap='False'>
<Color  R='1' G='1' B='1' A='1' />
</Text>
</VisualStyle>
<VisualStyle State='1' Mode='0'>
<Face Type='2D'>
<Color  R='0' G='0' B='0' A='1' />
</Face>
<Image Id='13' Alpha='1' />
<Text Id='17' FontId='1' Alignment='CenterCenter' Wrap='False'>
<Color  R='1' G='1' B='1' A='1' />
</Text>
</VisualStyle>
</VisualStyles>
<Bindings>
<Binding Id='270' Type='Digital' Property='State'/>
</Bindings>
<Commands>
<Command Action='TouchDown' Id='270' Type='Digital' Value='True' />
<Command Action='TouchUp' Id='270' Type='Digital' Value='False' />
</Commands>
</Control>
<Control Type='Button' Name='Button'>
<Position Units='Pixels' X='81' Y='416' />
<Size Units='Pixels' Width='157' Height='54' />
<VisualStyles>
<VisualStyle State='0' Mode='0'>
<Face Type='2D'>
<Color  R='0' G='0' B='0' A='1' />
</Face>
<Image Id='10' Alpha='1' />
<Text Id='18' FontId='1' Alignment='CenterCenter' Wrap='False'>
<Color  R='1' G='1' B='1' A='1' />
</Text>
</VisualStyle>
<VisualStyle State='1' Mode='0'>
<Face Type='2D'>
<Color  R='0' G='0' B='0' A='1' />
</Face>
<Image Id='11' Alpha='1' />
<Text Id='18' FontId='1' Alignment='CenterCenter' Wrap='False'>
<Color  R='1' G='1' B='1' A='1' />
</Text>
</VisualStyle>
</VisualStyles>
<Bindings>
<Binding Id='273' Type='Digital' Property='State'/>
</Bindings>
<Commands>
<Command Action='TouchDown' Id='273' Type='Digital' Value='True' />
<Command Action='TouchUp' Id='273' Type='Digital' Value='False' />
</Commands>
</Control>
<Control Type='Button' Name='Button'>
<Position Units='Pixels' X='532' Y='591' />
<Size Units='Pixels' Width='157' Height='54' />
<VisualStyles>
<VisualStyle State='0' Mode='0'>
<Face Type='2D'>
<Color  R='0' G='0' B='0' A='1' />
</Face>
<Image Id='10' Alpha='1' />
<Text Id='19' FontId='1' Alignment='CenterCenter' Wrap='False'>
<Color  R='1' G='1' B='1' A='1' />
</Text>
</VisualStyle>
<VisualStyle State='1' Mode='0'>
<Face Type='2D'>
<Color  R='0' G='0' B='0' A='1' />
</Face>
<Image Id='11' Alpha='1' />
<Text Id='19' FontId='1' Alignment='CenterCenter' Wrap='False'>
<Color  R='1' G='1' B='1' A='1' />
</Text>
</VisualStyle>
</VisualStyles>
<Bindings>
<Binding Id='262' Type='Digital' Property='State'/>
</Bindings>
<Commands>
<Command Action='TouchDown' Id='262' Type='Digital' Value='True' />
<Command Action='TouchUp' Id='262' Type='Digital' Value='False' />
</Commands>
</Control>
<Control Type='Button' Name='Button'>
<Position Units='Pixels' X='80' Y='591' />
<Size Units='Pixels' Width='160' Height='54' />
<VisualStyles>
<VisualStyle State='0' Mode='0'>
<Face Type='2D'>
<Color  R='0' G='1' B='0' A='0' />
</Face>
<Image Id='6' Alpha='1' />
<Text Id='20' FontId='4' Alignment='CenterCenter' Wrap='False'>
<Color  R='0' G='0' B='0' A='1' />
</Text>
</VisualStyle>
<VisualStyle State='1' Mode='0'>
<Face Type='2D'>
<Color  R='1' G='0' B='0' A='0' />
</Face>
<Image Id='13' Alpha='1' />
<Text Id='21' FontId='4' Alignment='CenterCenter' Wrap='False'>
<Color  R='1' G='1' B='1' A='1' />
</Text>
</VisualStyle>
</VisualStyles>
<Bindings>
<Binding Id='280' Type='Digital' Property='State'/>
</Bindings>
<Commands>
<Command Action='TouchDown' Id='280' Type='Digital' Value='True' />
<Command Action='TouchUp' Id='280' Type='Digital' Value='False' />
</Commands>
</Control>
<Control Type='Button' Name='GaugeBackdrop'>
<Position Units='Pixels' X='969' Y='239' />
<Size Units='Pixels' Width='40' Height='248' />
<VisualStyles>
<VisualStyle State='0' Mode='0'>
<Face Type='2D'>
<Color  R='0' G='0' B='0' A='1' />
</Face>
<Text FontId='1' Alignment='CenterCenter' Wrap='False'>
<Color  R='0' G='0' B='0' A='1' />
</Text>
</VisualStyle>
</VisualStyles>
</Control>
<Control Type='Slider' Name='Analog Gauge'>
<Position Units='Pixels' X='969' Y='239' />
<Size Units='Pixels' Width='40' Height='248' />
<VisualStyles>
<VisualStyle State='0' Mode='0'>
<Format Type='2' Signed='False'>
<Slider Direction='2' />
</Format>
<Face Type='2D'>
<Color  R='0' G='0' B='1' A='1' />
</Face>
<Text FontId='1' Alignment='CenterCenter' Wrap='False'>
<Color  R='0' G='0' B='0' A='1' />
</Text>
</VisualStyle>
</VisualStyles>
<Bindings>
<Binding Id='2' Type='Analog' Property='Mode'/>
</Bindings>
</Control>
<Control Type='Button' Name='Button'>
<Position Units='Pixels' X='833' Y='253' />
<Size Units='Pixels' Width='106' Height='50' />
<VisualStyles>
<VisualStyle State='0' Mode='0'>
<Face Type='2D'>
<Color  R='0' G='0' B='0' A='1' />
</Face>
<Image Id='14' Alpha='1' />
<Text Id='22' FontId='5' Alignment='CenterCenter' Wrap='False'>
<Color  R='1' G='1' B='1' A='1' />
</Text>
</VisualStyle>
<VisualStyle State='1' Mode='0'>
<Face Type='2D'>
<Color  R='0' G='0' B='0' A='1' />
</Face>
<Image Id='15' Alpha='1' />
<Text Id='22' FontId='5' Alignment='CenterCenter' Wrap='False'>
<Color  R='1' G='1' B='1' A='1' />
</Text>
</VisualStyle>
</VisualStyles>
<Bindings>
<Binding Id='130' Type='Digital' Property='State'/>
</Bindings>
<Commands>
<Command Action='TouchDown' Id='130' Type='Digital' Value='True' />
<Command Action='TouchUp' Id='130' Type='Digital' Value='False' />
</Commands>
</Control>
<Control Type='Button' Name='Button'>
<Position Units='Pixels' X='833' Y='427' />
<Size Units='Pixels' Width='106' Height='50' />
<VisualStyles>
<VisualStyle State='0' Mode='0'>
<Face Type='2D'>
<Color  R='0' G='0' B='0' A='1' />
</Face>
<Image Id='14' Alpha='1' />
<Text Id='23' FontId='5' Alignment='CenterCenter' Wrap='False'>
<Color  R='1' G='1' B='1' A='1' />
</Text>
</VisualStyle>
<VisualStyle State='1' Mode='0'>
<Face Type='2D'>
<Color  R='0' G='0' B='0' A='1' />
</Face>
<Image Id='15' Alpha='1' />
<Text Id='23' FontId='5' Alignment='CenterCenter' Wrap='False'>
<Color  R='1' G='1' B='1' A='1' />
</Text>
</VisualStyle>
</VisualStyles>
<Bindings>
<Binding Id='131' Type='Digital' Property='State'/>
</Bindings>
<Commands>
<Command Action='TouchDown' Id='131' Type='Digital' Value='True' />
<Command Action='TouchUp' Id='131' Type='Digital' Value='False' />
</Commands>
</Control>
<Control Type='Button' Name='Button'>
<Position Units='Pixels' X='832' Y='338' />
<Size Units='Pixels' Width='109' Height='55' />
<VisualStyles>
<VisualStyle State='0' Mode='0'>
<Face Type='2D'>
<Color  R='0' G='0' B='0' A='1' />
</Face>
<Image Id='14' Alpha='1' />
<Text Id='24' FontId='1' Alignment='CenterCenter' Wrap='False'>
<Color  R='1' G='1' B='1' A='1' />
</Text>
</VisualStyle>
<VisualStyle State='1' Mode='0'>
<Face Type='2D'>
<Color  R='0' G='0' B='0' A='1' />
</Face>
<Image Id='16' Alpha='1' />
<Text Id='24' FontId='1' Alignment='CenterCenter' Wrap='False'>
<Color  R='1' G='0' B='0' A='1' />
</Text>
</VisualStyle>
</VisualStyles>
<Bindings>
<Binding Id='132' Type='Digital' Property='State'/>
</Bindings>
<Commands>
<Command Action='TouchDown' Id='132' Type='Digital' Value='True' />
<Command Action='TouchUp' Id='132' Type='Digital' Value='False' />
</Commands>
</Control>
<Control Type='Button' Name='Button'>
<Position Units='Pixels' X='840' Y='668' />
<Size Units='Pixels' Width='157' Height='54' />
<VisualStyles>
<VisualStyle State='0' Mode='0'>
<Face Type='2D'>
<Color  R='0' G='0' B='0' A='1' />
</Face>
<Image Id='10' Alpha='1' />
<Text Id='25' FontId='4' Alignment='CenterCenter' Wrap='False'>
<Color  R='1' G='0' B='0' A='1' />
</Text>
</VisualStyle>
<VisualStyle State='1' Mode='0'>
<Face Type='2D'>
<Color  R='0' G='0' B='0' A='1' />
</Face>
<Image Id='11' Alpha='1' />
<Text Id='25' FontId='4' Alignment='CenterCenter' Wrap='False'>
<Color  R='1' G='1' B='1' A='1' />
</Text>
</VisualStyle>
</VisualStyles>
<Bindings>
<Binding Id='23' Type='Digital' Property='State'/>
</Bindings>
<Commands>
<Command Action='TouchDown' Id='23' Type='Digital' Value='True' />
<Command Action='TouchUp' Id='23' Type='Digital' Value='False' />
</Commands>
</Control>
<Control Type='Button' Name='Text'>
<Position Units='Pixels' X='814' Y='154' />
<Size Units='Pixels' Width='194' Height='38' />
<VisualStyles>
<VisualStyle State='0' Mode='0'>
<Text Id='26' FontId='6' Alignment='CenterCenter' Wrap='False'>
<Color  R='1' G='1' B='1' A='1' />
</Text>
</VisualStyle>
</VisualStyles>
</Control>
<Control Type='Button' Name='Button'>
<Position Units='Pixels' X='841' Y='533' />
<Size Units='Pixels' Width='158' Height='66' />
<VisualStyles>
<VisualStyle State='0' Mode='0'>
<Face Type='2D'>
<Color  R='0' G='0' B='0' A='1' />
</Face>
<Image Id='17' Alpha='1' />
</VisualStyle>
<VisualStyle State='1' Mode='0'>
<Face Type='2D'>
<Color  R='0' G='0' B='0' A='1' />
</Face>
<Image Id='17' Alpha='1' />
</VisualStyle>
</VisualStyles>
<Bindings>
<Binding Id='60' Type='Digital' Property='State'/>
</Bindings>
<Commands>
<Command Action='TouchDown' Id='60' Type='Digital' Value='True' />
<Command Action='TouchUp' Id='60' Type='Digital' Value='False' />
</Commands>
</Control>
<Control Type='Button' Name='Text'>
<Position Units='Pixels' X='856' Y='518' />
<Size Units='Pixels' Width='140' Height='97' />
<VisualStyles>
<VisualStyle State='0' Mode='0'>
<Text Id='27' FontId='7' Alignment='CenterCenter' Wrap='False'>
<Color  R='1' G='1' B='1' A='1' />
</Text>
</VisualStyle>
</VisualStyles>
</Control>
<Control Type='Button' Name='Button'>
<Position Units='Pixels' X='212' Y='30' />
<Size Units='Pixels' Width='198' Height='81' />
<VisualStyles>
<VisualStyle State='0' Mode='0'>
<Face Type='2D'>
<Color  R='0.501961' G='0.501961' B='0.501961' A='0' />
</Face>
<Image Id='18' Alpha='1' />
<Text Id='28' FontId='1' Alignment='CenterCenter' Wrap='False'>
<Color  R='1' G='1' B='1' A='1' />
</Text>
</VisualStyle>
<VisualStyle State='1' Mode='0'>
<Face Type='2D'>
<Color  R='1' G='1' B='1' A='0' />
</Face>
<Image Id='19' Alpha='1' />
<Text Id='28' FontId='1' Alignment='CenterCenter' Wrap='False'>
<Color  R='0' G='0' B='0' A='1' />
</Text>
</VisualStyle>
</VisualStyles>
<Bindings>
<Binding Id='24' Type='Digital' Property='State'/>
</Bindings>
<Commands>
<Command Action='TouchDown' Id='24' Type='Digital' Value='True' />
<Command Action='TouchUp' Id='24' Type='Digital' Value='False' />
</Commands>
</Control>
<Control Type='Button' Name='Button'>
<Position Units='Pixels' X='415' Y='30' />
<Size Units='Pixels' Width='198' Height='81' />
<VisualStyles>
<VisualStyle State='0' Mode='0'>
<Face Type='2D'>
<Color  R='0.501961' G='0.501961' B='0.501961' A='0' />
</Face>
<Image Id='18' Alpha='1' />
<Text Id='29' FontId='1' Alignment='CenterCenter' Wrap='False'>
<Color  R='1' G='1' B='1' A='1' />
</Text>
</VisualStyle>
<VisualStyle State='1' Mode='0'>
<Face Type='2D'>
<Color  R='1' G='1' B='1' A='0' />
</Face>
<Image Id='19' Alpha='1' />
<Text Id='29' FontId='1' Alignment='CenterCenter' Wrap='False'>
<Color  R='0' G='0' B='0' A='1' />
</Text>
</VisualStyle>
</VisualStyles>
<Bindings>
<Binding Id='25' Type='Digital' Property='State'/>
</Bindings>
<Commands>
<Command Action='TouchDown' Id='25' Type='Digital' Value='True' />
<Command Action='TouchUp' Id='25' Type='Digital' Value='False' />
</Commands>
</Control>
<Control Type='Button' Name='Button'>
<Position Units='Pixels' X='618' Y='30' />
<Size Units='Pixels' Width='198' Height='81' />
<VisualStyles>
<VisualStyle State='0' Mode='0'>
<Face Type='2D'>
<Color  R='0.501961' G='0.501961' B='0.501961' A='0' />
</Face>
<Image Id='18' Alpha='1' />
<Text Id='30' FontId='1' Alignment='CenterCenter' Wrap='False'>
<Color  R='1' G='1' B='1' A='1' />
</Text>
</VisualStyle>
<VisualStyle State='1' Mode='0'>
<Face Type='2D'>
<Color  R='1' G='1' B='1' A='0' />
</Face>
<Image Id='19' Alpha='1' />
<Text Id='30' FontId='1' Alignment='CenterCenter' Wrap='False'>
<Color  R='0' G='0' B='0' A='1' />
</Text>
</VisualStyle>
</VisualStyles>
<Bindings>
<Binding Id='26' Type='Digital' Property='State'/>
</Bindings>
<Commands>
<Command Action='TouchDown' Id='26' Type='Digital' Value='True' />
<Command Action='TouchUp' Id='26' Type='Digital' Value='False' />
</Commands>
</Control>
<Control Type='Button' Name='Button'>
<Position Units='Pixels' X='0' Y='0' />
<Size Units='Pixels' Width='116' Height='58' />
<VisualStyles>
<VisualStyle State='0' Mode='0'>
<Face Type='2D'>
<Color  R='1' G='1' B='1' A='0' />
</Face>
<Image Id='1' Alpha='1' />
</VisualStyle>
<VisualStyle State='1' Mode='0'>
<Face Type='2D'>
<Color  R='1' G='1' B='1' A='0' />
</Face>
<Image Id='2' Alpha='1' />
</VisualStyle>
</VisualStyles>
<Bindings>
<Binding Id='17242' Type='Digital' Property='State'/>
</Bindings>
<Commands>
<Command Action='TouchDown' Id='17242' Type='Digital' Value='True' />
<Command Action='TouchUp' Id='17242' Type='Digital' Value='False' />
</Commands>
</Control>
<Control Type='Button' Name='Button'>
<Position Units='Pixels' X='821' Y='30' />
<Size Units='Pixels' Width='198' Height='81' />
<VisualStyles>
<VisualStyle State='0' Mode='0'>
<Face Type='2D'>
<Color  R='0.501961' G='0.501961' B='0.501961' A='0' />
</Face>
<Image Id='18' Alpha='1' />
<Text Id='31' FontId='1' Alignment='CenterCenter' Wrap='False'>
<Color  R='1' G='1' B='1' A='1' />
</Text>
</VisualStyle>
<VisualStyle State='1' Mode='0'>
<Face Type='2D'>
<Color  R='1' G='1' B='1' A='0' />
</Face>
<Image Id='19' Alpha='1' />
<Text Id='31' FontId='1' Alignment='CenterCenter' Wrap='False'>
<Color  R='0' G='0' B='0' A='1' />
</Text>
</VisualStyle>
</VisualStyles>
<Bindings>
<Binding Id='27' Type='Digital' Property='State'/>
</Bindings>
<Commands>
<Command Action='TouchDown' Id='27' Type='Digital' Value='True' />
<Command Action='TouchUp' Id='27' Type='Digital' Value='False' />
</Commands>
</Control>
<Control Type='Button' Name='Border'>
<Position Units='Pixels' X='0' Y='102' />
<Size Units='Pixels' Width='1024' Height='26' />
<VisualStyles>
<VisualStyle State='0' Mode='0'>
<Face Type='2D'>
<Color  R='1' G='1' B='1' A='1' />
</Face>
<Text FontId='1' Alignment='CenterCenter' Wrap='False'>
<Color  R='0' G='0' B='0' A='1' />
</Text>
</VisualStyle>
</VisualStyles>
</Control>
<Control Type='Subpage' Name='Subref' Reference='{ATC} INCOMING CALL'>
<Position Units='Pixels' X='5' Y='130' />
<Size Units='Pixels' Width='805' Height='616' />
<Bindings>
<Binding Id='50' Type='Digital' Property='Visible'/>
</Bindings>
</Control>
</Control>
</File>
