<?xml version='1.0' encoding='ISO-8859-1' ?>
<File Type='Page' Version='5.1.0'>
<Control Type='Page' Name='[SYS] VOL' Transition='65535' TransitionDuration='-1'>
<Position Units='Pixels' X='0' Y='0' />
<Size Units='Pixels' Width='1024' Height='748' />
<VisualStyles>
<VisualStyle>
<Background>
<Color  R='0' G='0' B='0' A='1' />
</Background>
</VisualStyle>
</VisualStyles>
<Bindings>
<Binding Id='56' Property='PageFlip'/>
</Bindings>
<Commands>
<Command Action='PageJoin' Id='56' Type='Digital' />
</Commands>
<Control Type='Button' Name='Button'>
<Position Units='Pixels' X='653' Y='243' />
<Size Units='Pixels' Width='159' Height='59' />
<VisualStyles>
<VisualStyle State='0' Mode='0'>
<Face Type='2D'>
<Color  R='0' G='0.25098' B='0.501961' A='0' />
</Face>
<Image Id='5' Alpha='1' />
<Text Id='2' FontId='3' Alignment='CenterCenter' Wrap='False'>
<Color  R='1' G='1' B='1' A='1' />
</Text>
</VisualStyle>
<VisualStyle State='1' Mode='0'>
<Face Type='2D'>
<Color  R='0.752941' G='0.752941' B='0.752941' A='1' />
</Face>
<Text Id='2' FontId='3' Alignment='CenterCenter' Wrap='False'>
<Color  R='0' G='0' B='0' A='1' />
</Text>
</VisualStyle>
</VisualStyles>
</Control>
<Control Type='Button' Name='GaugeBackdrop'>
<Position Units='Pixels' X='788' Y='327' />
<Size Units='Pixels' Width='40' Height='248' />
<VisualStyles>
<VisualStyle State='0' Mode='0'>
<Face Type='2D'>
<Color  R='0' G='0' B='0' A='1' />
</Face>
<Text FontId='1' Alignment='CenterCenter' Wrap='False'>
<Color  R='0' G='0' B='0' A='1' />
</Text>
</VisualStyle>
</VisualStyles>
</Control>
<Control Type='Slider' Name='Analog Gauge'>
<Position Units='Pixels' X='788' Y='327' />
<Size Units='Pixels' Width='40' Height='248' />
<VisualStyles>
<VisualStyle State='0' Mode='0'>
<Format Type='2' Signed='False'>
<Slider Direction='2' />
</Format>
<Face Type='2D'>
<Color  R='0' G='0' B='1' A='1' />
</Face>
<Text FontId='1' Alignment='CenterCenter' Wrap='False'>
<Color  R='0' G='0' B='0' A='1' />
</Text>
</VisualStyle>
</VisualStyles>
<Bindings>
<Binding Id='1' Type='Analog' Property='Mode'/>
</Bindings>
</Control>
<Control Type='Button' Name='Button'>
<Position Units='Pixels' X='652' Y='341' />
<Size Units='Pixels' Width='106' Height='50' />
<VisualStyles>
<VisualStyle State='0' Mode='0'>
<Face Type='2D'>
<Color  R='0' G='0' B='0' A='1' />
</Face>
<Image Id='14' Alpha='1' />
<Text Id='22' FontId='5' Alignment='CenterCenter' Wrap='False'>
<Color  R='1' G='1' B='1' A='1' />
</Text>
</VisualStyle>
<VisualStyle State='1' Mode='0'>
<Face Type='2D'>
<Color  R='0' G='0' B='0' A='1' />
</Face>
<Image Id='15' Alpha='1' />
<Text Id='22' FontId='5' Alignment='CenterCenter' Wrap='False'>
<Color  R='1' G='1' B='1' A='1' />
</Text>
</VisualStyle>
</VisualStyles>
<Bindings>
<Binding Id='125' Type='Digital' Property='State'/>
</Bindings>
<Commands>
<Command Action='TouchDown' Id='125' Type='Digital' Value='True' />
<Command Action='TouchUp' Id='125' Type='Digital' Value='False' />
</Commands>
</Control>
<Control Type='Button' Name='Button'>
<Position Units='Pixels' X='652' Y='515' />
<Size Units='Pixels' Width='106' Height='50' />
<VisualStyles>
<VisualStyle State='0' Mode='0'>
<Face Type='2D'>
<Color  R='0' G='0' B='0' A='1' />
</Face>
<Image Id='14' Alpha='1' />
<Text Id='23' FontId='5' Alignment='CenterCenter' Wrap='False'>
<Color  R='1' G='1' B='1' A='1' />
</Text>
</VisualStyle>
<VisualStyle State='1' Mode='0'>
<Face Type='2D'>
<Color  R='0' G='0' B='0' A='1' />
</Face>
<Image Id='15' Alpha='1' />
<Text Id='23' FontId='5' Alignment='CenterCenter' Wrap='False'>
<Color  R='1' G='1' B='1' A='1' />
</Text>
</VisualStyle>
</VisualStyles>
<Bindings>
<Binding Id='126' Type='Digital' Property='State'/>
</Bindings>
<Commands>
<Command Action='TouchDown' Id='126' Type='Digital' Value='True' />
<Command Action='TouchUp' Id='126' Type='Digital' Value='False' />
</Commands>
</Control>
<Control Type='Button' Name='Button'>
<Position Units='Pixels' X='651' Y='426' />
<Size Units='Pixels' Width='109' Height='55' />
<VisualStyles>
<VisualStyle State='0' Mode='0'>
<Face Type='2D'>
<Color  R='0' G='0' B='0' A='1' />
</Face>
<Image Id='14' Alpha='1' />
<Text Id='24' FontId='1' Alignment='CenterCenter' Wrap='False'>
<Color  R='1' G='1' B='1' A='1' />
</Text>
</VisualStyle>
<VisualStyle State='1' Mode='0'>
<Face Type='2D'>
<Color  R='0' G='0' B='0' A='1' />
</Face>
<Image Id='16' Alpha='1' />
<Text Id='24' FontId='1' Alignment='CenterCenter' Wrap='False'>
<Color  R='1' G='0' B='0' A='1' />
</Text>
</VisualStyle>
</VisualStyles>
<Bindings>
<Binding Id='127' Type='Digital' Property='State'/>
</Bindings>
<Commands>
<Command Action='TouchDown' Id='127' Type='Digital' Value='True' />
<Command Action='TouchUp' Id='127' Type='Digital' Value='False' />
</Commands>
</Control>
<Control Type='Button' Name='Text'>
<Position Units='Pixels' X='633' Y='242' />
<Size Units='Pixels' Width='194' Height='38' />
<VisualStyles>
<VisualStyle State='0' Mode='0'>
<Text Id='83' FontId='6' Alignment='CenterCenter' Wrap='False'>
<Color  R='1' G='1' B='1' A='1' />
</Text>
</VisualStyle>
</VisualStyles>
</Control>
<Control Type='Button' Name='Button'>
<Position Units='Pixels' X='441' Y='243' />
<Size Units='Pixels' Width='159' Height='59' />
<VisualStyles>
<VisualStyle State='0' Mode='0'>
<Face Type='2D'>
<Color  R='0' G='0.25098' B='0.501961' A='0' />
</Face>
<Image Id='5' Alpha='1' />
<Text Id='2' FontId='3' Alignment='CenterCenter' Wrap='False'>
<Color  R='1' G='1' B='1' A='1' />
</Text>
</VisualStyle>
<VisualStyle State='1' Mode='0'>
<Face Type='2D'>
<Color  R='0.752941' G='0.752941' B='0.752941' A='1' />
</Face>
<Text Id='2' FontId='3' Alignment='CenterCenter' Wrap='False'>
<Color  R='0' G='0' B='0' A='1' />
</Text>
</VisualStyle>
</VisualStyles>
</Control>
<Control Type='Button' Name='GaugeBackdrop'>
<Position Units='Pixels' X='576' Y='327' />
<Size Units='Pixels' Width='40' Height='248' />
<VisualStyles>
<VisualStyle State='0' Mode='0'>
<Face Type='2D'>
<Color  R='0' G='0' B='0' A='1' />
</Face>
<Text FontId='1' Alignment='CenterCenter' Wrap='False'>
<Color  R='0' G='0' B='0' A='1' />
</Text>
</VisualStyle>
</VisualStyles>
</Control>
<Control Type='Slider' Name='Analog Gauge'>
<Position Units='Pixels' X='576' Y='327' />
<Size Units='Pixels' Width='40' Height='248' />
<VisualStyles>
<VisualStyle State='0' Mode='0'>
<Format Type='2' Signed='False'>
<Slider Direction='2' />
</Format>
<Face Type='2D'>
<Color  R='0' G='0' B='1' A='1' />
</Face>
<Text FontId='1' Alignment='CenterCenter' Wrap='False'>
<Color  R='0' G='0' B='0' A='1' />
</Text>
</VisualStyle>
</VisualStyles>
<Bindings>
<Binding Id='2' Type='Analog' Property='Mode'/>
</Bindings>
</Control>
<Control Type='Button' Name='Button'>
<Position Units='Pixels' X='440' Y='341' />
<Size Units='Pixels' Width='106' Height='50' />
<VisualStyles>
<VisualStyle State='0' Mode='0'>
<Face Type='2D'>
<Color  R='0' G='0' B='0' A='1' />
</Face>
<Image Id='14' Alpha='1' />
<Text Id='22' FontId='5' Alignment='CenterCenter' Wrap='False'>
<Color  R='1' G='1' B='1' A='1' />
</Text>
</VisualStyle>
<VisualStyle State='1' Mode='0'>
<Face Type='2D'>
<Color  R='0' G='0' B='0' A='1' />
</Face>
<Image Id='15' Alpha='1' />
<Text Id='22' FontId='5' Alignment='CenterCenter' Wrap='False'>
<Color  R='1' G='1' B='1' A='1' />
</Text>
</VisualStyle>
</VisualStyles>
<Bindings>
<Binding Id='130' Type='Digital' Property='State'/>
</Bindings>
<Commands>
<Command Action='TouchDown' Id='130' Type='Digital' Value='True' />
<Command Action='TouchUp' Id='130' Type='Digital' Value='False' />
</Commands>
</Control>
<Control Type='Button' Name='Button'>
<Position Units='Pixels' X='440' Y='515' />
<Size Units='Pixels' Width='106' Height='50' />
<VisualStyles>
<VisualStyle State='0' Mode='0'>
<Face Type='2D'>
<Color  R='0' G='0' B='0' A='1' />
</Face>
<Image Id='14' Alpha='1' />
<Text Id='23' FontId='5' Alignment='CenterCenter' Wrap='False'>
<Color  R='1' G='1' B='1' A='1' />
</Text>
</VisualStyle>
<VisualStyle State='1' Mode='0'>
<Face Type='2D'>
<Color  R='0' G='0' B='0' A='1' />
</Face>
<Image Id='15' Alpha='1' />
<Text Id='23' FontId='5' Alignment='CenterCenter' Wrap='False'>
<Color  R='1' G='1' B='1' A='1' />
</Text>
</VisualStyle>
</VisualStyles>
<Bindings>
<Binding Id='131' Type='Digital' Property='State'/>
</Bindings>
<Commands>
<Command Action='TouchDown' Id='131' Type='Digital' Value='True' />
<Command Action='TouchUp' Id='131' Type='Digital' Value='False' />
</Commands>
</Control>
<Control Type='Button' Name='Button'>
<Position Units='Pixels' X='439' Y='426' />
<Size Units='Pixels' Width='109' Height='55' />
<VisualStyles>
<VisualStyle State='0' Mode='0'>
<Face Type='2D'>
<Color  R='0' G='0' B='0' A='1' />
</Face>
<Image Id='14' Alpha='1' />
<Text Id='24' FontId='1' Alignment='CenterCenter' Wrap='False'>
<Color  R='1' G='1' B='1' A='1' />
</Text>
</VisualStyle>
<VisualStyle State='1' Mode='0'>
<Face Type='2D'>
<Color  R='0' G='0' B='0' A='1' />
</Face>
<Image Id='16' Alpha='1' />
<Text Id='24' FontId='1' Alignment='CenterCenter' Wrap='False'>
<Color  R='1' G='0' B='0' A='1' />
</Text>
</VisualStyle>
</VisualStyles>
<Bindings>
<Binding Id='132' Type='Digital' Property='State'/>
</Bindings>
<Commands>
<Command Action='TouchDown' Id='132' Type='Digital' Value='True' />
<Command Action='TouchUp' Id='132' Type='Digital' Value='False' />
</Commands>
</Control>
<Control Type='Button' Name='Text'>
<Position Units='Pixels' X='421' Y='242' />
<Size Units='Pixels' Width='194' Height='38' />
<VisualStyles>
<VisualStyle State='0' Mode='0'>
<Text Id='84' FontId='6' Alignment='CenterCenter' Wrap='False'>
<Color  R='1' G='1' B='1' A='1' />
</Text>
</VisualStyle>
</VisualStyles>
</Control>
<Control Type='Button' Name='Button'>
<Position Units='Pixels' X='217' Y='243' />
<Size Units='Pixels' Width='159' Height='59' />
<VisualStyles>
<VisualStyle State='0' Mode='0'>
<Face Type='2D'>
<Color  R='0' G='0.25098' B='0.501961' A='0' />
</Face>
<Image Id='5' Alpha='1' />
<Text Id='2' FontId='3' Alignment='CenterCenter' Wrap='False'>
<Color  R='1' G='1' B='1' A='1' />
</Text>
</VisualStyle>
<VisualStyle State='1' Mode='0'>
<Face Type='2D'>
<Color  R='0.752941' G='0.752941' B='0.752941' A='1' />
</Face>
<Text Id='2' FontId='3' Alignment='CenterCenter' Wrap='False'>
<Color  R='0' G='0' B='0' A='1' />
</Text>
</VisualStyle>
</VisualStyles>
</Control>
<Control Type='Button' Name='GaugeBackdrop'>
<Position Units='Pixels' X='352' Y='327' />
<Size Units='Pixels' Width='40' Height='248' />
<VisualStyles>
<VisualStyle State='0' Mode='0'>
<Face Type='2D'>
<Color  R='0' G='0' B='0' A='1' />
</Face>
<Text FontId='1' Alignment='CenterCenter' Wrap='False'>
<Color  R='0' G='0' B='0' A='1' />
</Text>
</VisualStyle>
</VisualStyles>
</Control>
<Control Type='Slider' Name='Analog Gauge'>
<Position Units='Pixels' X='352' Y='327' />
<Size Units='Pixels' Width='40' Height='248' />
<VisualStyles>
<VisualStyle State='0' Mode='0'>
<Format Type='2' Signed='False'>
<Slider Direction='2' />
</Format>
<Face Type='2D'>
<Color  R='0' G='0' B='1' A='1' />
</Face>
<Text FontId='1' Alignment='CenterCenter' Wrap='False'>
<Color  R='0' G='0' B='0' A='1' />
</Text>
</VisualStyle>
</VisualStyles>
<Bindings>
<Binding Id='4' Type='Analog' Property='Mode'/>
</Bindings>
</Control>
<Control Type='Button' Name='Button'>
<Position Units='Pixels' X='216' Y='341' />
<Size Units='Pixels' Width='106' Height='50' />
<VisualStyles>
<VisualStyle State='0' Mode='0'>
<Face Type='2D'>
<Color  R='0' G='0' B='0' A='1' />
</Face>
<Image Id='14' Alpha='1' />
<Text Id='22' FontId='5' Alignment='CenterCenter' Wrap='False'>
<Color  R='1' G='1' B='1' A='1' />
</Text>
</VisualStyle>
<VisualStyle State='1' Mode='0'>
<Face Type='2D'>
<Color  R='0' G='0' B='0' A='1' />
</Face>
<Image Id='15' Alpha='1' />
<Text Id='22' FontId='5' Alignment='CenterCenter' Wrap='False'>
<Color  R='1' G='1' B='1' A='1' />
</Text>
</VisualStyle>
</VisualStyles>
<Bindings>
<Binding Id='120' Type='Digital' Property='State'/>
</Bindings>
<Commands>
<Command Action='TouchDown' Id='120' Type='Digital' Value='True' />
<Command Action='TouchUp' Id='120' Type='Digital' Value='False' />
</Commands>
</Control>
<Control Type='Button' Name='Button'>
<Position Units='Pixels' X='216' Y='515' />
<Size Units='Pixels' Width='106' Height='50' />
<VisualStyles>
<VisualStyle State='0' Mode='0'>
<Face Type='2D'>
<Color  R='0' G='0' B='0' A='1' />
</Face>
<Image Id='14' Alpha='1' />
<Text Id='23' FontId='5' Alignment='CenterCenter' Wrap='False'>
<Color  R='1' G='1' B='1' A='1' />
</Text>
</VisualStyle>
<VisualStyle State='1' Mode='0'>
<Face Type='2D'>
<Color  R='0' G='0' B='0' A='1' />
</Face>
<Image Id='15' Alpha='1' />
<Text Id='23' FontId='5' Alignment='CenterCenter' Wrap='False'>
<Color  R='1' G='1' B='1' A='1' />
</Text>
</VisualStyle>
</VisualStyles>
<Bindings>
<Binding Id='121' Type='Digital' Property='State'/>
</Bindings>
<Commands>
<Command Action='TouchDown' Id='121' Type='Digital' Value='True' />
<Command Action='TouchUp' Id='121' Type='Digital' Value='False' />
</Commands>
</Control>
<Control Type='Button' Name='Button'>
<Position Units='Pixels' X='215' Y='426' />
<Size Units='Pixels' Width='109' Height='55' />
<VisualStyles>
<VisualStyle State='0' Mode='0'>
<Face Type='2D'>
<Color  R='0' G='0' B='0' A='1' />
</Face>
<Image Id='14' Alpha='1' />
<Text Id='24' FontId='1' Alignment='CenterCenter' Wrap='False'>
<Color  R='1' G='1' B='1' A='1' />
</Text>
</VisualStyle>
<VisualStyle State='1' Mode='0'>
<Face Type='2D'>
<Color  R='0' G='0' B='0' A='1' />
</Face>
<Image Id='16' Alpha='1' />
<Text Id='24' FontId='1' Alignment='CenterCenter' Wrap='False'>
<Color  R='1' G='0' B='0' A='1' />
</Text>
</VisualStyle>
</VisualStyles>
<Bindings>
<Binding Id='122' Type='Digital' Property='State'/>
</Bindings>
<Commands>
<Command Action='TouchDown' Id='122' Type='Digital' Value='True' />
<Command Action='TouchUp' Id='122' Type='Digital' Value='False' />
</Commands>
</Control>
<Control Type='Button' Name='Text'>
<Position Units='Pixels' X='197' Y='242' />
<Size Units='Pixels' Width='194' Height='38' />
<VisualStyles>
<VisualStyle State='0' Mode='0'>
<Text Id='85' FontId='6' Alignment='CenterCenter' Wrap='False'>
<Color  R='1' G='1' B='1' A='1' />
</Text>
</VisualStyle>
</VisualStyles>
</Control>
<Control Type='Button' Name='Button'>
<Position Units='Pixels' X='0' Y='0' />
<Size Units='Pixels' Width='116' Height='58' />
<VisualStyles>
<VisualStyle State='0' Mode='0'>
<Face Type='2D'>
<Color  R='1' G='1' B='1' A='0' />
</Face>
<Image Id='1' Alpha='1' />
</VisualStyle>
<VisualStyle State='1' Mode='0'>
<Face Type='2D'>
<Color  R='1' G='1' B='1' A='0' />
</Face>
<Image Id='2' Alpha='1' />
</VisualStyle>
</VisualStyles>
<Bindings>
<Binding Id='17242' Type='Digital' Property='State'/>
</Bindings>
<Commands>
<Command Action='TouchDown' Id='17242' Type='Digital' Value='True' />
<Command Action='TouchUp' Id='17242' Type='Digital' Value='False' />
</Commands>
</Control>
<Control Type='Button' Name='Button'>
<Position Units='Pixels' X='212' Y='30' />
<Size Units='Pixels' Width='198' Height='81' />
<VisualStyles>
<VisualStyle State='0' Mode='0'>
<Face Type='2D'>
<Color  R='0.501961' G='0.501961' B='0.501961' A='0' />
</Face>
<Image Id='18' Alpha='1' />
<Text Id='28' FontId='1' Alignment='CenterCenter' Wrap='False'>
<Color  R='1' G='1' B='1' A='1' />
</Text>
</VisualStyle>
<VisualStyle State='1' Mode='0'>
<Face Type='2D'>
<Color  R='1' G='1' B='1' A='0' />
</Face>
<Image Id='19' Alpha='1' />
<Text Id='28' FontId='1' Alignment='CenterCenter' Wrap='False'>
<Color  R='0' G='0' B='0' A='1' />
</Text>
</VisualStyle>
</VisualStyles>
<Bindings>
<Binding Id='24' Type='Digital' Property='State'/>
</Bindings>
<Commands>
<Command Action='TouchDown' Id='24' Type='Digital' Value='True' />
<Command Action='TouchUp' Id='24' Type='Digital' Value='False' />
</Commands>
</Control>
<Control Type='Button' Name='Button'>
<Position Units='Pixels' X='415' Y='30' />
<Size Units='Pixels' Width='198' Height='81' />
<VisualStyles>
<VisualStyle State='0' Mode='0'>
<Face Type='2D'>
<Color  R='0.501961' G='0.501961' B='0.501961' A='0' />
</Face>
<Image Id='18' Alpha='1' />
<Text Id='29' FontId='1' Alignment='CenterCenter' Wrap='False'>
<Color  R='1' G='1' B='1' A='1' />
</Text>
</VisualStyle>
<VisualStyle State='1' Mode='0'>
<Face Type='2D'>
<Color  R='1' G='1' B='1' A='0' />
</Face>
<Image Id='19' Alpha='1' />
<Text Id='29' FontId='1' Alignment='CenterCenter' Wrap='False'>
<Color  R='0' G='0' B='0' A='1' />
</Text>
</VisualStyle>
</VisualStyles>
<Bindings>
<Binding Id='25' Type='Digital' Property='State'/>
</Bindings>
<Commands>
<Command Action='TouchDown' Id='25' Type='Digital' Value='True' />
<Command Action='TouchUp' Id='25' Type='Digital' Value='False' />
</Commands>
</Control>
<Control Type='Button' Name='Button'>
<Position Units='Pixels' X='618' Y='30' />
<Size Units='Pixels' Width='198' Height='81' />
<VisualStyles>
<VisualStyle State='0' Mode='0'>
<Face Type='2D'>
<Color  R='0.501961' G='0.501961' B='0.501961' A='0' />
</Face>
<Image Id='18' Alpha='1' />
<Text Id='30' FontId='1' Alignment='CenterCenter' Wrap='False'>
<Color  R='1' G='1' B='1' A='1' />
</Text>
</VisualStyle>
<VisualStyle State='1' Mode='0'>
<Face Type='2D'>
<Color  R='1' G='1' B='1' A='0' />
</Face>
<Image Id='19' Alpha='1' />
<Text Id='30' FontId='1' Alignment='CenterCenter' Wrap='False'>
<Color  R='0' G='0' B='0' A='1' />
</Text>
</VisualStyle>
</VisualStyles>
<Bindings>
<Binding Id='26' Type='Digital' Property='State'/>
</Bindings>
<Commands>
<Command Action='TouchDown' Id='26' Type='Digital' Value='True' />
<Command Action='TouchUp' Id='26' Type='Digital' Value='False' />
</Commands>
</Control>
<Control Type='Button' Name='Button'>
<Position Units='Pixels' X='821' Y='30' />
<Size Units='Pixels' Width='198' Height='81' />
<VisualStyles>
<VisualStyle State='0' Mode='0'>
<Face Type='2D'>
<Color  R='0.501961' G='0.501961' B='0.501961' A='0' />
</Face>
<Image Id='18' Alpha='1' />
<Text Id='31' FontId='1' Alignment='CenterCenter' Wrap='False'>
<Color  R='1' G='1' B='1' A='1' />
</Text>
</VisualStyle>
<VisualStyle State='1' Mode='0'>
<Face Type='2D'>
<Color  R='1' G='1' B='1' A='0' />
</Face>
<Image Id='19' Alpha='1' />
<Text Id='31' FontId='1' Alignment='CenterCenter' Wrap='False'>
<Color  R='0' G='0' B='0' A='1' />
</Text>
</VisualStyle>
</VisualStyles>
<Bindings>
<Binding Id='27' Type='Digital' Property='State'/>
</Bindings>
<Commands>
<Command Action='TouchDown' Id='27' Type='Digital' Value='True' />
<Command Action='TouchUp' Id='27' Type='Digital' Value='False' />
</Commands>
</Control>
<Control Type='Button' Name='Border'>
<Position Units='Pixels' X='0' Y='102' />
<Size Units='Pixels' Width='1024' Height='26' />
<VisualStyles>
<VisualStyle State='0' Mode='0'>
<Face Type='2D'>
<Color  R='1' G='1' B='1' A='1' />
</Face>
<Text FontId='1' Alignment='CenterCenter' Wrap='False'>
<Color  R='0' G='0' B='0' A='1' />
</Text>
</VisualStyle>
</VisualStyles>
</Control>
<Control Type='Subpage' Name='Subref' Reference='{ATC} INCOMING CALL'>
<Position Units='Pixels' X='5' Y='130' />
<Size Units='Pixels' Width='805' Height='616' />
<Bindings>
<Binding Id='50' Type='Digital' Property='Visible'/>
</Bindings>
</Control>
</Control>
</File>
