<?xml version='1.0' encoding='ISO-8859-1' ?>
<File Type='Page' Version='5.1.0'>
<Control Type='Page' Name='[SYS] READY' Transition='65535' TransitionDuration='-1'>
<Position Units='Pixels' X='0' Y='0' />
<Size Units='Pixels' Width='1024' Height='748' />
<VisualStyles>
<VisualStyle>
<Background>
<Color  R='0' G='0' B='0' A='1' />
</Background>
</VisualStyle>
</VisualStyles>
<Bindings>
<Binding Id='50' Property='PageFlip'/>
</Bindings>
<Commands>
<Command Action='PageJoin' Id='50' Type='Digital' />
</Commands>
<Control Type='Button' Name='Text'>
<Position Units='Pixels' X='125' Y='201' />
<Size Units='Pixels' Width='790' Height='284' />
<VisualStyles>
<VisualStyle State='0' Mode='0'>
<Text Id='82' FontId='2' Alignment='CenterCenter' Wrap='False'>
<Color  R='1' G='1' B='1' A='1' />
</Text>
</VisualStyle>
</VisualStyles>
</Control>
<Control Type='Button' Name='Button'>
<Position Units='Pixels' X='840' Y='668' />
<Size Units='Pixels' Width='157' Height='54' />
<VisualStyles>
<VisualStyle State='0' Mode='0'>
<Face Type='2D'>
<Color  R='0' G='0' B='0' A='1' />
</Face>
<Image Id='10' Alpha='1' />
<Text Id='25' FontId='4' Alignment='CenterCenter' Wrap='False'>
<Color  R='1' G='0' B='0' A='1' />
</Text>
</VisualStyle>
<VisualStyle State='1' Mode='0'>
<Face Type='2D'>
<Color  R='0' G='0' B='0' A='1' />
</Face>
<Image Id='11' Alpha='1' />
<Text Id='25' FontId='4' Alignment='CenterCenter' Wrap='False'>
<Color  R='1' G='1' B='1' A='1' />
</Text>
</VisualStyle>
</VisualStyles>
<Bindings>
<Binding Id='23' Type='Digital' Property='State'/>
</Bindings>
<Commands>
<Command Action='TouchDown' Id='23' Type='Digital' Value='True' />
<Command Action='TouchUp' Id='23' Type='Digital' Value='False' />
</Commands>
</Control>
<Control Type='Button' Name='Button'>
<Position Units='Pixels' X='0' Y='0' />
<Size Units='Pixels' Width='116' Height='58' />
<VisualStyles>
<VisualStyle State='0' Mode='0'>
<Face Type='2D'>
<Color  R='1' G='1' B='1' A='0' />
</Face>
<Image Id='1' Alpha='1' />
</VisualStyle>
<VisualStyle State='1' Mode='0'>
<Face Type='2D'>
<Color  R='1' G='1' B='1' A='0' />
</Face>
<Image Id='2' Alpha='1' />
</VisualStyle>
</VisualStyles>
<Bindings>
<Binding Id='17242' Type='Digital' Property='State'/>
</Bindings>
<Commands>
<Command Action='TouchDown' Id='17242' Type='Digital' Value='True' />
<Command Action='TouchUp' Id='17242' Type='Digital' Value='False' />
</Commands>
</Control>
<Control Type='Button' Name='Button'>
<Position Units='Pixels' X='212' Y='30' />
<Size Units='Pixels' Width='198' Height='81' />
<VisualStyles>
<VisualStyle State='0' Mode='0'>
<Face Type='2D'>
<Color  R='0.501961' G='0.501961' B='0.501961' A='0' />
</Face>
<Image Id='18' Alpha='1' />
<Text Id='28' FontId='1' Alignment='CenterCenter' Wrap='False'>
<Color  R='1' G='1' B='1' A='1' />
</Text>
</VisualStyle>
<VisualStyle State='1' Mode='0'>
<Face Type='2D'>
<Color  R='1' G='1' B='1' A='0' />
</Face>
<Image Id='19' Alpha='1' />
<Text Id='28' FontId='1' Alignment='CenterCenter' Wrap='False'>
<Color  R='0' G='0' B='0' A='1' />
</Text>
</VisualStyle>
</VisualStyles>
<Bindings>
<Binding Id='24' Type='Digital' Property='State'/>
</Bindings>
<Commands>
<Command Action='TouchDown' Id='24' Type='Digital' Value='True' />
<Command Action='TouchUp' Id='24' Type='Digital' Value='False' />
</Commands>
</Control>
<Control Type='Button' Name='Button'>
<Position Units='Pixels' X='415' Y='30' />
<Size Units='Pixels' Width='198' Height='81' />
<VisualStyles>
<VisualStyle State='0' Mode='0'>
<Face Type='2D'>
<Color  R='0.501961' G='0.501961' B='0.501961' A='0' />
</Face>
<Image Id='18' Alpha='1' />
<Text Id='29' FontId='1' Alignment='CenterCenter' Wrap='False'>
<Color  R='1' G='1' B='1' A='1' />
</Text>
</VisualStyle>
<VisualStyle State='1' Mode='0'>
<Face Type='2D'>
<Color  R='1' G='1' B='1' A='0' />
</Face>
<Image Id='19' Alpha='1' />
<Text Id='29' FontId='1' Alignment='CenterCenter' Wrap='False'>
<Color  R='0' G='0' B='0' A='1' />
</Text>
</VisualStyle>
</VisualStyles>
<Bindings>
<Binding Id='25' Type='Digital' Property='State'/>
</Bindings>
<Commands>
<Command Action='TouchDown' Id='25' Type='Digital' Value='True' />
<Command Action='TouchUp' Id='25' Type='Digital' Value='False' />
</Commands>
</Control>
<Control Type='Button' Name='Button'>
<Position Units='Pixels' X='618' Y='30' />
<Size Units='Pixels' Width='198' Height='81' />
<VisualStyles>
<VisualStyle State='0' Mode='0'>
<Face Type='2D'>
<Color  R='0.501961' G='0.501961' B='0.501961' A='0' />
</Face>
<Image Id='18' Alpha='1' />
<Text Id='30' FontId='1' Alignment='CenterCenter' Wrap='False'>
<Color  R='1' G='1' B='1' A='1' />
</Text>
</VisualStyle>
<VisualStyle State='1' Mode='0'>
<Face Type='2D'>
<Color  R='1' G='1' B='1' A='0' />
</Face>
<Image Id='19' Alpha='1' />
<Text Id='30' FontId='1' Alignment='CenterCenter' Wrap='False'>
<Color  R='0' G='0' B='0' A='1' />
</Text>
</VisualStyle>
</VisualStyles>
<Bindings>
<Binding Id='26' Type='Digital' Property='State'/>
</Bindings>
<Commands>
<Command Action='TouchDown' Id='26' Type='Digital' Value='True' />
<Command Action='TouchUp' Id='26' Type='Digital' Value='False' />
</Commands>
</Control>
<Control Type='Button' Name='Button'>
<Position Units='Pixels' X='821' Y='30' />
<Size Units='Pixels' Width='198' Height='81' />
<VisualStyles>
<VisualStyle State='0' Mode='0'>
<Face Type='2D'>
<Color  R='0.501961' G='0.501961' B='0.501961' A='0' />
</Face>
<Image Id='18' Alpha='1' />
<Text Id='31' FontId='1' Alignment='CenterCenter' Wrap='False'>
<Color  R='1' G='1' B='1' A='1' />
</Text>
</VisualStyle>
<VisualStyle State='1' Mode='0'>
<Face Type='2D'>
<Color  R='1' G='1' B='1' A='0' />
</Face>
<Image Id='19' Alpha='1' />
<Text Id='31' FontId='1' Alignment='CenterCenter' Wrap='False'>
<Color  R='0' G='0' B='0' A='1' />
</Text>
</VisualStyle>
</VisualStyles>
<Bindings>
<Binding Id='27' Type='Digital' Property='State'/>
</Bindings>
<Commands>
<Command Action='TouchDown' Id='27' Type='Digital' Value='True' />
<Command Action='TouchUp' Id='27' Type='Digital' Value='False' />
</Commands>
</Control>
<Control Type='Button' Name='Border'>
<Position Units='Pixels' X='0' Y='102' />
<Size Units='Pixels' Width='1024' Height='26' />
<VisualStyles>
<VisualStyle State='0' Mode='0'>
<Face Type='2D'>
<Color  R='1' G='1' B='1' A='1' />
</Face>
<Text FontId='1' Alignment='CenterCenter' Wrap='False'>
<Color  R='0' G='0' B='0' A='1' />
</Text>
</VisualStyle>
</VisualStyles>
</Control>
<Control Type='Subpage' Name='Subref' Reference='{ATC} INCOMING CALL'>
<Position Units='Pixels' X='5' Y='130' />
<Size Units='Pixels' Width='805' Height='616' />
<Bindings>
<Binding Id='50' Type='Digital' Property='Visible'/>
</Bindings>
</Control>
<Control Type='Subpage' Name='Subref' Reference='{SYS} PROJ COOLING'>
<Position Units='Pixels' X='0' Y='130' />
<Size Units='Pixels' Width='805' Height='616' />
<Bindings>
<Binding Id='52' Type='Digital' Property='Visible'/>
</Bindings>
</Control>
<Control Type='Subpage' Name='Subref' Reference='{SYS} PROJ WARMING'>
<Position Units='Pixels' X='0' Y='130' />
<Size Units='Pixels' Width='805' Height='616' />
<Bindings>
<Binding Id='51' Type='Digital' Property='Visible'/>
</Bindings>
</Control>
</Control>
</File>
