<?xml version='1.0' encoding='ISO-8859-1' ?>
<File Type='Resource' Version='5.1.0'>
<Resources>
<Font Id='1' Size ='24' FaceName='Arial' Weight='400' Bold='False' Italic='False' Underline='False' Strike='False' />
<Font Id='2' Size ='32' FaceName='Arial' Weight='400' Bold='False' Italic='False' Underline='False' Strike='False' />
<Font Id='3' Size ='19' FaceName='Arial' Weight='400' Bold='False' Italic='False' Underline='False' Strike='False' />
<Font Id='4' Size ='16' FaceName='Arial' Weight='400' Bold='False' Italic='False' Underline='False' Strike='False' />
<Font Id='5' Size ='27' FaceName='Arial' Weight='400' Bold='False' Italic='False' Underline='False' Strike='False' />
<Font Id='6' Size ='13' FaceName='Arial' Weight='400' Bold='False' Italic='False' Underline='False' Strike='False' />
<Font Id='7' Size ='24' FaceName='Arial' Weight='400' Bold='False' Italic='False' Underline='False' Strike='False' />
<Font Id='8' Size ='57' FaceName='Arial' Weight='400' Bold='False' Italic='False' Underline='False' Strike='False' />
<Font Id='9' Size ='36' FaceName='Arial' Weight='400' Bold='False' Italic='False' Underline='False' Strike='False' />
<Font Id='10' Size ='35' FaceName='Arial' Weight='400' Bold='False' Italic='False' Underline='False' Strike='False' />
<Text Id='1'>Please touch screen to begin</Text>
<Text Id='2'>
Volume</Text>
<Text Id='3'>Dial</Text>
<Text Id='4'>2</Text>
<Text Id='5'>1</Text>
<Text Id='6'>3</Text>
<Text Id='7'>4</Text>
<Text Id='8'>5</Text>
<Text Id='9'>6</Text>
<Text Id='10'>7</Text>
<Text Id='11'>8</Text>
<Text Id='12'>9</Text>
<Text Id='13'>*</Text>
<Text Id='14'>0</Text>
<Text Id='15'>#</Text>
<Text Id='16'>Clear</Text>
<Text Id='17'>Hangup</Text>
<Text Id='18'>Redial</Text>
<Text Id='19'>Backspace</Text>
<Text Id='20'>Push for Privacy</Text>
<Text Id='21'>Privacy
Mute ON</Text>
<Text Id='22'>Up</Text>
<Text Id='23'>Down</Text>
<Text Id='24'>Mute</Text>
<Text Id='25'>EXIT
System</Text>
<Text Id='26'>Audio Conf</Text>
<Text Id='27'>Volume
Controls</Text>
<Text Id='28'>Presentation</Text>
<Text Id='29'>Audio
Conferencing</Text>
<Text Id='30'>Video
Conferencing</Text>
<Text Id='31'>Room
Controls</Text>
<Text Id='32'>UP</Text>
<Text Id='33'>DOWN</Text>
<Text Id='34'>LEFT</Text>
<Text Id='35'>RIGHT</Text>
<Text Id='36'>Far
Camera</Text>
<Text Id='37'>Near
Camera</Text>
<Text Id='38'>+</Text>
<Text Id='39'>-</Text>
<Text Id='40'>Preset
3</Text>
<Text Id='41'>Preset
2</Text>
<Text Id='42'>Preset
1</Text>
<Text Id='43'>Saving
Preset</Text>
<Text Id='44'>Press and hold preset to save wait for saving to complete</Text>
<Text Id='45'>ON-screen
Control</Text>
<Text Id='46'>Dialing</Text>
<Text Id='47'>Camera
Control</Text>
<Text Id='48'>Content
Sharing</Text>
<Text Id='49'>Hang up</Text>
<Text Id='50'>Video Conference</Text>
<Text Id='51'>Display</Text>
<Text Id='52'>abc</Text>
<Text Id='53'>def</Text>
<Text Id='54'>ghi</Text>
<Text Id='55'>jkl</Text>
<Text Id='56'>mno</Text>
<Text Id='57'>pqrs</Text>
<Text Id='58'>tuv</Text>
<Text Id='59'>wxyz</Text>
<Text Id='60'>dot</Text>
<Text Id='61'>_  </Text>
<Text Id='62'>Room PC</Text>
<Text Id='63'>Laptop</Text>
<Text Id='64'>When finished with sharing your source press End Sharing</Text>
<Text Id='65'>Select a source to share with far end</Text>
<Text Id='66'>Push to Share
Content</Text>
<Text Id='67'>Push to Stop
Sharing Content</Text>
<Text Id='68'>OK</Text>
<Text Id='69'>Directory</Text>
<Text Id='70'>Home</Text>
<Text Id='71'>Back</Text>
<Text Id='72'>Sources</Text>
<Text Id='73'>There is an incoming call
would you like to answer it?</Text>
<Text Id='74'>ANSWER</Text>
<Text Id='75'>IGNORE</Text>
<Text Id='76'>Please wait for the projector to warmup....</Text>
<Text Id='77'>Please wait for the projector to cooldown....</Text>
<Text Id='78'>Auto 
Adjust</Text>
<Text Id='79'>YES</Text>
<Text Id='80'>NO</Text>
<Text Id='81'>Are you sure you would
like to shutdown the system?</Text>
<Text Id='82'>Welcome, 
Please select a option from the top
to begin your session</Text>
<Text Id='83'>Video Conferece</Text>
<Text Id='84'>Audio Conference</Text>
<Text Id='85'>Program</Text>
<Image Id='1' Native='True' Path='~CrestronLogo.png' Format='png'>
<Size Units='Pixels' Width='116' Height='58' />
</Image>
<Image Id='2' Native='True' Path='~CrestronLogo_A.png' Format='png'>
<Size Units='Pixels' Width='116' Height='58' />
</Image>
<Image Id='3' Native='False' Path='fCVqwauX.jpeg' Format='jpeg'>
<Size Units='Pixels' Width='400' Height='400' />
</Image>
<Image Id='4' Native='False' Path='ATC_20BAR.JPG' Format='JPG'>
<Size Units='Pixels' Width='358' Height='75' />
</Image>
<Image Id='5' Native='False' Path='Blue_20Label_Medium.png' Format='png'>
<Size Units='Pixels' Width='159' Height='59' />
</Image>
<Image Id='6' Native='False' Path='Dial_0.png' Format='png'>
<Size Units='Pixels' Width='158' Height='53' />
</Image>
<Image Id='7' Native='False' Path='Dial_1.png' Format='png'>
<Size Units='Pixels' Width='160' Height='54' />
</Image>
<Image Id='8' Native='False' Path='Key_0.png' Format='png'>
<Size Units='Pixels' Width='102' Height='55' />
</Image>
<Image Id='9' Native='False' Path='Key_1.png' Format='png'>
<Size Units='Pixels' Width='111' Height='60' />
</Image>
<Image Id='10' Native='False' Path='Button_Long_0.png' Format='png'>
<Size Units='Pixels' Width='156' Height='53' />
</Image>
<Image Id='11' Native='False' Path='Button_Long_1.png' Format='png'>
<Size Units='Pixels' Width='157' Height='54' />
</Image>
<Image Id='12' Native='False' Path='Hangup_0.png' Format='png'>
<Size Units='Pixels' Width='159' Height='56' />
</Image>
<Image Id='13' Native='False' Path='Content_1.png' Format='png'>
<Size Units='Pixels' Width='160' Height='54' />
</Image>
<Image Id='14' Native='False' Path='Vol_0.png' Format='png'>
<Size Units='Pixels' Width='105' Height='51' />
</Image>
<Image Id='15' Native='False' Path='Vol_1.png' Format='png'>
<Size Units='Pixels' Width='106' Height='50' />
</Image>
<Image Id='16' Native='False' Path='Mute_1.png' Format='png'>
<Size Units='Pixels' Width='109' Height='55' />
</Image>
<Image Id='17' Native='False' Path='Volume_20Page_0.png' Format='png'>
<Size Units='Pixels' Width='158' Height='66' />
</Image>
<Image Id='18' Native='False' Path='Tab_0.png' Format='png'>
<Size Units='Pixels' Width='154' Height='51' />
</Image>
<Image Id='19' Native='False' Path='Tab_1.png' Format='png'>
<Size Units='Pixels' Width='156' Height='56' />
</Image>
<Image Id='20' Native='False' Path='Content_0.png' Format='png'>
<Size Units='Pixels' Width='160' Height='55' />
</Image>
<Image Id='21' Native='False' Path='Media_Label.png' Format='png'>
<Size Units='Pixels' Width='282' Height='50' />
</Image>
</Resources>
</File>
