<?xml version='1.0' encoding='ISO-8859-1' ?>
<File Type='Page' Version='5.1.0'>
<Control Type='Subpage' Name='{ATC} INCOMING CALL'>
<Position Units='Pixels' X='0' Y='0' />
<Size Units='Pixels' Width='805' Height='616' />
<VisualStyles>
<VisualStyle>
<Background>
<Color  R='0' G='0' B='0' A='1' />
</Background>
</VisualStyle>
</VisualStyles>
<Control Type='Button' Name='Text'>
<Position Units='Pixels' X='50' Y='99' />
<Size Units='Pixels' Width='716' Height='149' />
<VisualStyles>
<VisualStyle State='0' Mode='0'>
<Text Id='73' FontId='2' Alignment='CenterCenter' Wrap='False'>
<Color  R='1' G='1' B='1' A='1' />
</Text>
</VisualStyle>
</VisualStyles>
</Control>
<Control Type='Button' Name='Button'>
<Position Units='Pixels' X='162' Y='298' />
<Size Units='Pixels' Width='158' Height='53' />
<VisualStyles>
<VisualStyle State='0' Mode='0'>
<Face Type='2D'>
<Color  R='0' G='1' B='0' A='0' />
</Face>
<Image Id='6' Alpha='1' />
<Text Id='74' FontId='1' Alignment='CenterCenter' Wrap='False'>
<Color  R='0' G='0' B='0' A='1' />
</Text>
</VisualStyle>
<VisualStyle State='1' Mode='0'>
<Face Type='2D'>
<Color  R='0.752941' G='0.752941' B='0.752941' A='1' />
</Face>
<Text Id='74' FontId='1' Alignment='CenterCenter' Wrap='False'>
<Color  R='0' G='0' B='0' A='1' />
</Text>
</VisualStyle>
</VisualStyles>
<Bindings>
<Binding Id='271' Type='Digital' Property='State'/>
</Bindings>
<Commands>
<Command Action='TouchDown' Id='271' Type='Digital' Value='True' />
<Command Action='TouchUp' Id='271' Type='Digital' Value='False' />
</Commands>
</Control>
<Control Type='Button' Name='Button'>
<Position Units='Pixels' X='482' Y='296' />
<Size Units='Pixels' Width='159' Height='56' />
<VisualStyles>
<VisualStyle State='0' Mode='0'>
<Face Type='2D'>
<Color  R='1' G='0' B='0' A='0' />
</Face>
<Image Id='12' Alpha='1' />
<Text Id='75' FontId='1' Alignment='CenterCenter' Wrap='False'>
<Color  R='1' G='1' B='1' A='1' />
</Text>
</VisualStyle>
<VisualStyle State='1' Mode='0'>
<Face Type='2D'>
<Color  R='0.752941' G='0.752941' B='0.752941' A='1' />
</Face>
<Text Id='75' FontId='1' Alignment='CenterCenter' Wrap='False'>
<Color  R='0' G='0' B='0' A='1' />
</Text>
</VisualStyle>
</VisualStyles>
<Bindings>
<Binding Id='90' Type='Digital' Property='State'/>
</Bindings>
<Commands>
<Command Action='TouchDown' Id='90' Type='Digital' Value='True' />
<Command Action='TouchUp' Id='90' Type='Digital' Value='False' />
</Commands>
</Control>
</Control>
</File>
